{
    "gbm_statistics": {
        "mean": 79.74445391913436,
        "variance": 247.29356194381464,
        "min": 62.06014243374979,
        "max": 119.86841873916163
    },
    "mc_statistics": {
        "mean_final_price": 105.02253028322802,
        "std_final_price": 45.23112096723371,
        "min_final_price": 22.628648686758098,
        "max_final_price": 548.0748235277798
    },
    "option_price_mc": 18.311856936365388,
    "option_price_black_scholes": 18.02295145021668,
    "pricing_error": 0.2889054861487068
}