{
    "gbm_statistics": {
        "mean": 91.94957181437147,
        "variance": 51.51098990407424,
        "min": 82.05074312769639,
        "max": 110.25351636967306
    },
    "mc_statistics": {
        "mean_final_price": 105.53703224568528,
        "std_final_price": 22.344031625403396,
        "min_final_price": 49.759105164834295,
        "max_final_price": 244.8855605074273
    },
    "option_price_mc": 10.884567142995799,
    "option_price_black_scholes": 10.450583572185565,
    "pricing_error": 0.4339835708102342
}